sample,dipgnbshgg,location,tumor_grade,3_yrs,acvr1,histone3,atrx,bcor,bcorl1,myc,mycn,pdgfra,met,ntrk123,egfr,pik3ca,pik3r1,braf,nf1,ccnd123cdk46,cdkn2ab,tp53,ppm1d
SJHGG059_A,DIPG,midline,IV,No,G328V,None,None,None,None,None,None,None,None,None,None,E545K,T576_R577>R,None,None,None,None,None,None
SJHGG064_A,DIPG,midline,IV,No,G328W,None,None,None,None,None,None,None,None,None,None,H1047R,None,None,None,None,None,None,Q404*
SJHGG071_A,DIPG,midline,None,No,G328E,None,T1610R,None,None,None,None,None,None,None,None,E545K,None,None,None,None,None,None,S516*
SJHGG005_A,DIPG,midline,IV,No,G328V,None,None,None,None,None,None,None,None,None,None,None,None,None,None,None,None,None,None
SJHGG106_A,DIPG,midline,IV,No,R258G,H3.1K27M,None,None,None,None,None,None,None,None,None,H1047R,None,None,None,None,None,None,None
SJHGG074_D,DIPG,midline,IV,No,R258G,H3.1K27M,None,None,None,None,None,None,None,None,None,I102_V105del,None,None,None,None,None,None,None
SJHGG056_A,DIPG,midline,IV,No,R258G,H3.1K27M,None,None,None,None,None,None,None,None,None,None,L380del,None,None,None,None,None,None
SJHGG118_A,DIPG,midline,IV,No,G328V,H3.1K27M,None,None,None,None,None,None,None,None,None,None,K567_I571>I,None,None,None,None,None,None
SJHGG008_A,DIPG,midline,IV,No,G356D,H3.1K27M,None,K175fs,None,None,None,None,None,None,None,None,None,None,None,None,None,R273C,None
SJHGG070_A,DIPG,midline,None,No,G328E,H3.1K27M,None,None,None,None,None,None,None,None,None,None,None,None,None,None,None,G245C,None
SJHGG069_A,DIPG,midline,III,No,G328E,H3.1K27M,None,R1480*,None,None,None,Amp,None,None,None,None,None,None,None,None,None,None,None
SJHGG047_A,DIPG,midline,IV,No,G328E,H3.1K27M,None,None,None,None,None,None,None,None,None,None,None,None,None,None,None,None,None
SJHGG065_A,DIPG,midline,IV,No,R206H,H3.1K27M,None,H1468_C1471>H (LOH),None,None,None,None,None,None,None,None,None,None,None,None,None,None,None
SJHGG077_A,DIPG,midline,IV,No,R206H,H3.1K27M,None,None,None,None,None,None,None,None,None,None,None,None,None,None,None,None,None
SJHGG079_A,DIPG,midline,None,No,R258G,H3.1K27M,None,None,None,None,None,None,None,None,None,None,None,None,None,None,None,None,None
SJHGG117_A,DIPG,midline,IV,Yes,G328E,H3.1K27M,None,None,None,None,None,None,None,None,None,H1047R,None,None,None,None,None,None,None
SJHGG061_A,DIPG,midline,IV,No,G328V,H3.3K27M,None,None,None,None,None,None,None,None,None,P449_L456>L,None,None,None,None,None,None,None
SJHGG058_A,DIPG,midline,IV,No,G356D,H3.3K27M,None,None,None,None,None,None,None,None,None,None,None,None,None,None,None,E180fs,None
SJHGG003_A,DIPG,midline,IV,No,None,None,None,None,R21H,None,None,AMP;SV (DIP2C_PDGFRA),None,None,None,None,None,None,None,Amp (CDK4),None,P47_F54fs (LOH),None
SJHGG052_A,DIPG,midline,IV,No,None,None,None,None,None,None,Amp,None,None,None,None,None,None,None,None,Amp (CDK4),None,R158G (LOH),None
SJHGG063_A,DIPG,midline,IV,No,None,None,None,None,None,None,None,None,None,None,None,None,None,None,None,None,None,None,None
SJHGG076_A,DIPG,midline,IV,No,None,None,D2144G,None,None,None,None,None,Amp,None,None,None,None,None,None,None,None,None,E405*
SJHGG078_A,DIPG,midline,IV,No,None,None,None,None,None,None,None,None,None,None,None,None,None,None,None,None,None,None,None
SJHGG075_A,DIPG,midline,IV,Yes,None,None,None,None,None,None,None,Amp,None,None,None,None,None,None,None,Del (CCND1),None,A88fs,None
SJHGG002_A,DIPG,midline,IV,No,None,H3.3K27M,gC335>FR,None,None,None,None,Amp,None,None,None,E545K,None,None,None,None,None,R213*,None
SJHGG048_A,DIPG,midline,IV,No,None,H3.3K27M,None,None,None,None,None,Amp,None,None,None,E545K,None,None,None,None,None,R156_R158>R (LOH),None
SJHGG057_A,DIPG,midline,IV,No,None,H3.3K27M,None,None,None,None,None,None,None,None,None,E110del,None,None,None,None,None,None,W427*
SJHGG050_A,DIPG,midline,IV,No,None,H3.3K27M,None,None,None,None,None,None,None,None,None,None,K575_R577del,None,None,None,None,None,I466_P467fs
SJHGG006_A,DIPG,midline,IV,No,None,H3.3K27M,None,None,None,Amp,Amp,None,None,None,None,None,None,None,None,None,None,gE224A  (LOH),None
SJHGG002_D,DIPG,midline,IV,No,None,H3.3K27M,gC335>FR,None,None,None,None,None,None,None,None,None,None,None,None,None,None,"R213*,L252P  (LOH)",None
SJHGG102_D,DIPG,midline,IV,No,None,H3.3K27M,None,None,None,Amp,None,None,None,None,None,None,None,None,None,None,None,"R273C,Q144*",None
SJHGG105_A,DIPG,midline,IV,No,None,H3.3K27M,None,None,None,None,None,None,None,None,None,None,None,None,None,None,None,"E339*,R248W",None
SJHGG051_A,DIPG,midline,IV,No,None,H3.3K27M,None,None,None,None,None,Amp,None,None,None,None,None,None,I719fs (LOH),Amp (CDK6),None,S241F,None
SJHGG010325_A1,DIPG,midline,IV,No,None,H3.3K27M,None,None,None,None,None,Amp,None,None,None,None,None,None,None,None,None,R273H,None
SJHGG062_A,DIPG,midline,IV,No,None,H3.3K27M,None,None,None,None,None,N659K,None,None,None,None,None,None,None,Amp (CCND2),None,S241Y,None
SJHGG001_A,DIPG,midline,IV,No,None,H3.3K27M,None,None,None,None,None,A529>15aa,None,None,None,None,None,None,None,Amp (CCND3),None,R273C (LOH),None
SJHGG001_D,DIPG,midline,IV,No,None,H3.3K27M,None,None,None,None,None,A529>15aa,None,None,None,None,None,None,None,None,None,R273C (LOH),None
SJHGG045_A,DIPG,midline,None,No,None,H3.3K27M,D1791H (LOH),None,None,None,None,None,None,None,None,None,None,None,None,Amp (CCND2/3),None,M237I (LOH),None
SJHGG060_A,DIPG,midline,IV,No,None,H3.3K27M,None,None,None,None,None,None,Amp,None,None,None,None,None,None,Amp (CDK6),None,R248Q (LOH),None
SJHGG073_A,DIPG,midline,None,No,None,H3.3K27M,None,None,None,None,None,None,None,None,None,None,None,None,None,Amp (CCND2),None,"R273C,K120M",None
SJHGG007_A,DIPG,midline,IV,No,None,H3.3K27M,None,None,None,None,None,None,None,None,None,None,None,None,"R816*,SV (NF1_CNTN5)",None,None,S241F,None
SJHGG053_A,DIPG,midline,IV,No,None,H3.3K27M,None,None,None,None,None,None,None,None,None,None,None,None,None,None,None,V173A,None
SJHGG055_A,DIPG,midline,IV,No,None,H3.3K27M,None,None,None,None,None,None,None,None,None,None,None,None,None,None,None,H193Y,None
SJHGG101_A,DIPG,midline,IV,No,None,H3.3K27M,None,T200_P201fs,None,None,None,None,None,None,None,None,None,None,None,None,None,C176Y,None
SJHGG004_D,DIPG,midline,IV,No,None,H3.3K27M,None,None,None,None,None,None,None,SV (BTBD1_NTRK3),None,None,None,None,None,None,None,L130_N131>L,None
SJHGG010324_A1,DIPG,midline,None,No,None,H3.3K27M,None,None,None,None,None,None,None,None,None,None,None,None,None,None,None,R174_E180>R,None
SJHGG009_A,DIPG,midline,IV,No,None,H3.3K27M,None,None,None,None,None,None,Amp,SV (VCL_NTRK2),None,None,None,None,None,Amp (CCND1),None,None,None
SJHGG066_A,DIPG,midline,IV,No,None,H3.3K27M,None,None,None,None,None,Amp,None,None,None,None,None,None,None,Amp (CCND1),None,None,None
SJHGG049_A,DIPG,midline,IV,No,None,H3.3K27M,None,None,None,None,None,None,None,None,None,None,None,None,None,Amp (CCND2),None,None,None
SJHGG010326_A1,DIPG,midline,None,No,None,H3.3K27M,SV,None,None,None,None,None,None,None,None,None,None,None,None,None,None,None,None
SJHGG054_A,DIPG,midline,IV,No,None,H3.3K27M,None,None,None,None,None,None,None,None,None,None,None,None,None,None,None,None,None
SJHGG067_A,DIPG,midline,IV,No,None,H3.3K27M,None,None,None,None,None,None,None,None,None,None,None,None,None,None,None,None,None
SJHGG109_A,DIPG,midline,IV,No,None,H3.3K27M,None,None,None,None,None,None,None,None,None,None,None,None,None,None,None,None,None
SJHGG068_A,DIPG,midline,IV,Yes,None,H3.3K27M,None,None,None,None,None,None,None,None,None,None,None,None,None,None,None,Y163C,None
SJHGG024_R,NBS-HGG,NBS-midline,IV,No,None,None,None,None,None,None,None,N659K,Amp,None,None,None,E451_Y452del,None,None,None,None,C135W (LOH),None
SJHGG023_D,NBS-HGG,NBS-midline,IV,No,None,None,SV,None,None,None,None,SV,None,None,G598V (LOH),None,None,None,None,None,None,R175H (LOH),None
SJHGG019_E,NBS-HGG,NBS-midline,III,No,None,None,None,None,None,None,None,None,None,None,Amp,None,None,None,None,Amp (CDK6),None,V157F (LOH),None
SJHGG019_S,NBS-HGG,NBS-midline,IV,No,None,None,None,None,None,Amp,None,None,None,None,"SV,Amp",None,None,None,None,Amp (CDK6),None,V157F (LOH),None
SJHGG035_D,NBS-HGG,NBS-midline,III,No,None,None,None,None,None,None,None,None,None,None,None,None,None,None,None,None,Del,R175H,None
SJHGG024_D,NBS-HGG,NBS-midline,IV,No,None,None,None,None,None,None,None,None,Amp,None,None,None,None,None,None,None,None,C135W,None
SJHGG042_D,NBS-HGG,NBS-midline,IV,No,None,None,None,None,None,None,None,Amp,None,None,None,None,None,None,None,None,Del,None,None
SJHGG089_A,NBS-HGG,NBS-midline,IV,No,None,None,None,None,None,None,None,None,None,None,None,None,None,None,"gR416*,F2176fs",None,Del,None,None
SJHGG018_D,NBS-HGG,NBS-midline,III,No,None,None,None,P152fs,R609*,None,None,None,None,None,D770>ASVD,None,None,None,None,None,None,None,None
SJHGG094_D,NBS-HGG,NBS-midline,IV,No,None,None,None,None,None,None,None,None,None,None,None,None,None,None,None,None,None,None,None
SJHGG029_R,NBS-HGG,NBS-midline,IV,No,None,H3.1K27M,None,None,None,None,None,None,None,None,R108K,None,None,None,None,None,None,None,P417fs
SJHGG036_D,NBS-HGG,NBS-midline,IV,No,None,H3.1K27M,None,None,None,None,None,None,None,None,None,None,EYinsN453,None,None,None,None,None,None
SJHGG011_D,NBS-HGG,NBS-midline,IV,No,None,H3.3K27M,None,None,None,None,None,Amp,None,None,None,None,None,None,None,None,Del,R273H (LOH),None
SJHGG044_D,NBS-HGG,NBS-midline,IV,No,None,H3.3K27M,None,None,None,None,None,None,Amp,None,None,None,None,None,None,Amp (CCND1),None,R249S (LOH),None
SJHGG100_D,NBS-HGG,NBS-midline,III,No,None,H3.3K27M,R188*,None,None,None,None,None,None,None,None,None,None,None,None,"Amp (CCND2, CDK4)",None,R248Q (LOH),None
SJHGG112_R,NBS-HGG,NBS-midline,IV,No,None,H3.3K27M,None,None,None,None,None,None,None,None,None,Q546K,None,None,None,None,None,R175H,None
SJHGG014_D,NBS-HGG,NBS-midline,IV,No,None,H3.3K27M,None,None,None,None,None,None,None,None,None,None,None,V600E,None,None,None,None,None
SJHGG040_D,NBS-HGG,NBS-midline,III,No,None,H3.3K27M,None,None,None,None,None,None,None,None,None,None,None,None,None,None,None,None,None
SJHGG104_D,NBS-HGG,NBS-midline,III,No,None,H3.3K27M,E533_S549fs,None,None,None,None,None,None,None,None,None,None,None,None,None,None,None,None
SJHGG112_D,NBS-HGG,NBS-midline,IV,No,None,H3.3K27M,None,None,None,None,None,None,None,None,None,Q546K,None,None,None,None,None,None,W427*
SJHGG084_D,NBS-HGG,NBS-midline,IV,Yes,None,None,None,None,None,None,None,None,None,None,None,None,None,None,None,None,None,None,None
SJHGG086_D,NBS-HGG,NBS-midline,III,Yes,None,None,None,None,None,None,None,None,None,None,None,None,None,None,None,None,None,None,None
SJHGG127_D,NBS-HGG,NBS-midline,III,Yes,None,H3.3K27M,None,None,None,None,None,None,None,SV (AGBL4_NTRK2),None,None,None,None,None,None,None,None,None
SJHGG120_D,NBS-HGG,None,III,No,None,None,None,P602fs (LOH),None,None,None,None,None,None,R222C,E726A,None,None,None,None,None,None,None
SJHGG122_D,NBS-HGG,None,IV,No,None,None,None,None,None,None,None,None,None,None,None,None,None,None,None,None,None,None,None
SJHGG123_D,NBS-HGG,None,III,No,None,None,R2111* (LOH),None,None,None,None,None,None,None,None,None,None,None,None,None,None,None,None
SJHGG027_D,NBS-HGG,hemispheric,IV,No,None,None,None,None,None,None,None,None,None,SV (AGBL4_NTRK2),None,None,None,None,None,None,Del,None,None
SJHGG099_D,NBS-HGG,hemispheric,IV,No,None,None,None,None,None,None,None,None,None,SV (TPM3_NTRK1),None,None,None,None,None,None,Del,None,None
SJHGG115_R,NBS-HGG,hemispheric,IV,No,None,None,None,None,None,None,Amp,None,None,None,None,None,None,None,Del,None,Del,gR248Q,None
SJHGG028_D,NBS-HGG,hemispheric,IV,No,None,None,None,None,None,None,None,None,None,None,None,None,None,None,None,None,None,gR196* (LOH),None
SJHGG115_D,NBS-HGG,hemispheric,IV,No,None,None,None,None,None,None,None,None,None,None,None,None,None,None,R2237* (LOH),None,None,gR248Q (LOH),None
SJHGG021_D,NBS-HGG,hemispheric,III,No,None,None,None,None,None,None,None,None,None,None,None,None,None,None,None,None,None,"Q167*,R273H",None
SJHGG017_D,NBS-HGG,hemispheric,III,No,None,None,K1449_E1450fs (LOH),None,None,None,None,None,None,None,None,None,None,None,None,None,None,G245S (LOH),None
SJHGG032_D,NBS-HGG,hemispheric,III,No,None,None,A451fs (LOH),None,None,None,None,None,None,None,None,None,None,None,None,None,None,R248Q (LOH),None
SJHGG034_D,NBS-HGG,hemispheric,IV,No,None,None,None,None,None,None,None,None,None,None,None,R88Q,None,None,L952fs,None,None,R248W,None
SJHGG093_A,NBS-HGG,hemispheric,IV,No,None,None,SV,None,None,None,None,None,None,None,None,None,None,None,None,Amp (CCND2/CCND3),None,None,None
SJHGG010_D,NBS-HGG,hemispheric,IV,No,None,None,None,None,None,None,None,"RVTFinsA491,Amp",None,None,None,None,None,None,None,None,Del,None,None
SJHGG037_D,NBS-HGG,hemispheric,IV,No,None,None,None,None,None,None,None,Amp,Amp,None,None,None,None,None,None,None,Del,None,None
SJHGG125_D,NBS-HGG,hemispheric,IV,No,None,None,None,R1164* (LOH),None,None,None,Amp,None,None,None,None,None,None,None,None,Del,None,None
SJHGG129_D,NBS-HGG,hemispheric,IV,No,None,None,None,None,"Y1692*,E1255_E1256>E",None,None,Amp,None,None,None,None,None,None,None,None,None,None,None
SJHGG015_D,NBS-HGG,hemispheric,III,No,None,None,None,R1164*,None,None,None,N468S,None,None,None,None,None,None,None,None,Del,None,None
SJHGG033_D,NBS-HGG,hemispheric,IV,No,None,None,None,None,None,None,None,None,None,None,None,None,None,V600E,None,None,Del,None,None
SJHGG033_R,NBS-HGG,hemispheric,IV,No,None,None,None,None,None,None,None,None,None,None,None,None,None,V600E,None,None,Del,None,None
SJHGG093_D,NBS-HGG,hemispheric,IV,No,None,None,None,None,None,None,None,None,None,None,None,None,None,V600E,None,None,Del,None,None
SJHGG012_D,NBS-HGG,hemispheric,IV,No,None,None,None,None,None,None,None,None,None,None,None,None,None,None,S1053*,None,None,None,None
SJHGG025_D,NBS-HGG,hemispheric,III,No,None,None,None,None,None,None,None,None,None,None,None,None,None,None,None,None,None,None,None
SJHGG031_D,NBS-HGG,hemispheric,IV,No,None,H3.3G34R,E327_E328fs,K1260_S1261fs,None,None,None,None,None,None,None,None,None,None,None,None,Del,E198_G199fs,None
SJHGG022_D,NBS-HGG,hemispheric,IV,No,None,H3.3G34R,SV,None,None,None,None,Amp,None,None,None,None,None,None,None,None,None,R342*,None
SJHGG041_D,NBS-HGG,hemispheric,IV,No,None,H3.3G34R,L359_I360fs (LOH),None,None,None,None,Amp;I843_M844>M,None,None,None,None,None,None,None,None,None,H179D (LOH),None
SJHGG103_D,NBS-HGG,hemispheric,IV,No,None,H3.3G34R,None,None,None,None,None,D583_E587>E,None,None,None,None,None,None,None,None,None,R273C (LOH),None
SJHGG043_D,NBS-HGG,hemispheric,IV,No,None,H3.3G34R,L2112_F2113fs (LOH),None,None,None,None,None,None,None,None,None,None,None,None,None,None,None,None
SJHGG016_D,NBS-HGG,hemispheric,IV,Yes,None,None,None,None,None,None,None,None,None,SV (TPM3_NTRK1),None,None,None,None,None,None,None,None,None
SJHGG081_D,NBS-HGG,hemispheric,IV,Yes,None,None,None,None,None,None,None,None,None,SV (TPM3_NTRK1),None,None,None,None,None,None,None,None,None
SJHGG082_D,NBS-HGG,hemispheric,IV,Yes,None,None,None,None,None,None,None,None,None,SV (ETV6_NTRK3),None,None,None,None,None,None,None,None,None
SJHGG026_D,NBS-HGG,hemispheric,IV,Yes,None,None,None,None,None,None,None,None,None,None,None,None,None,None,None,None,None,None,None
SJHGG085_D,NBS-HGG,hemispheric,III,Yes,None,None,None,None,None,None,None,None,None,None,None,None,None,None,None,None,None,None,None
SJHGG090_D,NBS-HGG,hemispheric,III,Yes,None,None,None,None,None,None,None,None,None,None,None,None,None,None,None,None,None,None,None
SJHGG107_D,NBS-HGG,hemispheric,III,Yes,None,None,None,None,None,None,None,None,None,None,None,None,None,None,None,None,None,None,None
