Sample,DIPG/NBS-HGG,Location,Tumor Grade,<3 yrs,ACVR1,Histone3,ATRX,BCOR,BCORL1,MYC,MYCN,PDGFRA,MET,NTRK1/2/3,EGFR,PIK3CA,PIK3R1,BRAF,NF1,CCND1/2/3.CDK4/6,CDKN2A/B,TP53,PPM1D
SJHGG059_A,DIPG,midline,IV,No,G328V,,,,,,,,,,,E545K,T576_R577>R,,,,,,
SJHGG064_A,DIPG,midline,IV,No,G328W,,,,,,,,,,,H1047R,,,,,,,Q404*
SJHGG071_A,DIPG,midline,N/A,No,G328E,,T1610R,,,,,,,,,E545K,,,,,,,S516*
SJHGG005_A,DIPG,midline,IV,No,G328V,,,,,,,,,,,,,,,,,,
SJHGG106_A,DIPG,midline,IV,No,R258G,H3.1K27M,,,,,,,,,,H1047R,,,,,,,
SJHGG074_D,DIPG,midline,IV,No,R258G,H3.1K27M,,,,,,,,,,I102_V105del,,,,,,,
SJHGG056_A,DIPG,midline,IV,No,R258G,H3.1K27M,,,,,,,,,,,L380del,,,,,,
SJHGG118_A,DIPG,midline,IV,No,G328V,H3.1K27M,,,,,,,,,,,K567_I571>I,,,,,,
SJHGG008_A,DIPG,midline,IV,No,G356D,H3.1K27M,,K175fs,,,,,,,,,,,,,,R273C,
SJHGG070_A,DIPG,midline,N/A,No,G328E,H3.1K27M,,,,,,,,,,,,,,,,G245C,
SJHGG069_A,DIPG,midline,III,No,G328E,H3.1K27M,,R1480*,,,,Amp,,,,,,,,,,,
SJHGG047_A,DIPG,midline,IV,No,G328E,H3.1K27M,,,,,,,,,,,,,,,,,
SJHGG065_A,DIPG,midline,IV,No,R206H,H3.1K27M,,H1468_C1471>H (LOH),,,,,,,,,,,,,,,
SJHGG077_A,DIPG,midline,IV,No,R206H,H3.1K27M,,,,,,,,,,,,,,,,,
SJHGG079_A,DIPG,midline,N/A,No,R258G,H3.1K27M,,,,,,,,,,,,,,,,,
SJHGG117_A,DIPG,midline,IV,Yes,G328E,H3.1K27M,,,,,,,,,,H1047R,,,,,,,
SJHGG061_A,DIPG,midline,IV,No,G328V,H3.3K27M,,,,,,,,,,P449_L456>L,,,,,,,
SJHGG058_A,DIPG,midline,IV,No,G356D,H3.3K27M,,,,,,,,,,,,,,,,E180fs,
SJHGG003_A,DIPG,midline,IV,No,,,,,R21H,,,AMP;SV (DIP2C_PDGFRA),,,,,,,,Amp (CDK4),,P47_F54fs (LOH),
SJHGG052_A,DIPG,midline,IV,No,,,,,,,Amp,,,,,,,,,Amp (CDK4),,R158G (LOH),
SJHGG063_A,DIPG,midline,IV,No,,,,,,,,,,,,,,,,,,,
SJHGG076_A,DIPG,midline,IV,No,,,D2144G,,,,,,Amp,,,,,,,,,,E405*
SJHGG078_A,DIPG,midline,IV,No,,,,,,,,,,,,,,,,,,,
SJHGG075_A,DIPG,midline,IV,Yes,,,,,,,,Amp,,,,,,,,Del (CCND1),,A88fs,
SJHGG002_A,DIPG,midline,IV,No,,H3.3K27M,gC335>FR,,,,,Amp,,,,E545K,,,,,,R213*,
SJHGG048_A,DIPG,midline,IV,No,,H3.3K27M,,,,,,Amp,,,,E545K,,,,,,R156_R158>R (LOH),
SJHGG057_A,DIPG,midline,IV,No,,H3.3K27M,,,,,,,,,,E110del,,,,,,,W427*
SJHGG050_A,DIPG,midline,IV,No,,H3.3K27M,,,,,,,,,,,K575_R577del,,,,,,I466_P467fs
SJHGG006_A,DIPG,midline,IV,No,,H3.3K27M,,,,Amp,Amp,,,,,,,,,,,gE224A  (LOH),
SJHGG002_D,DIPG,midline,IV,No,,H3.3K27M,gC335>FR,,,,,,,,,,,,,,,"R213*,L252P  (LOH)",
SJHGG102_D,DIPG,midline,IV,No,,H3.3K27M,,,,Amp,,,,,,,,,,,,"R273C,Q144*",
SJHGG105_A,DIPG,midline,IV,No,,H3.3K27M,,,,,,,,,,,,,,,,"E339*,R248W",
SJHGG051_A,DIPG,midline,IV,No,,H3.3K27M,,,,,,Amp,,,,,,,I719fs (LOH),Amp (CDK6),,S241F,
SJHGG010325_A1,DIPG,midline,IV,No,,H3.3K27M,,,,,,Amp,,,,,,,,,,R273H,
SJHGG062_A,DIPG,midline,IV,No,,H3.3K27M,,,,,,N659K,,,,,,,,Amp (CCND2),,S241Y,
SJHGG001_A,DIPG,midline,IV,No,,H3.3K27M,,,,,,A529>15aa,,,,,,,,Amp (CCND3),,R273C (LOH),
SJHGG001_D,DIPG,midline,IV,No,,H3.3K27M,,,,,,A529>15aa,,,,,,,,,,R273C (LOH),
SJHGG045_A,DIPG,midline,N/A,No,,H3.3K27M,D1791H (LOH),,,,,,,,,,,,,Amp (CCND2/3),,M237I (LOH),
SJHGG060_A,DIPG,midline,IV,No,,H3.3K27M,,,,,,,Amp,,,,,,,Amp (CDK6),,R248Q (LOH),
SJHGG073_A,DIPG,midline,N/A,No,,H3.3K27M,,,,,,,,,,,,,,Amp (CCND2),,"R273C,K120M",
SJHGG007_A,DIPG,midline,IV,No,,H3.3K27M,,,,,,,,,,,,,"R816*,SV (NF1_CNTN5)",,,S241F,
SJHGG053_A,DIPG,midline,IV,No,,H3.3K27M,,,,,,,,,,,,,,,,V173A,
SJHGG055_A,DIPG,midline,IV,No,,H3.3K27M,,,,,,,,,,,,,,,,H193Y,
SJHGG101_A,DIPG,midline,IV,No,,H3.3K27M,,T200_P201fs,,,,,,,,,,,,,,C176Y,
SJHGG004_D,DIPG,midline,IV,No,,H3.3K27M,,,,,,,,SV (BTBD1_NTRK3),,,,,,,,L130_N131>L,
SJHGG010324_A1,DIPG,midline,N/A,No,,H3.3K27M,,,,,,,,,,,,,,,,R174_E180>R,
SJHGG009_A,DIPG,midline,IV,No,,H3.3K27M,,,,,,,Amp,SV (VCL_NTRK2),,,,,,Amp (CCND1),,,
SJHGG066_A,DIPG,midline,IV,No,,H3.3K27M,,,,,,Amp,,,,,,,,Amp (CCND1),,,
SJHGG049_A,DIPG,midline,IV,No,,H3.3K27M,,,,,,,,,,,,,,Amp (CCND2),,,
SJHGG010326_A1,DIPG,midline,N/A,No,,H3.3K27M,SV,,,,,,,,,,,,,,,,
SJHGG054_A,DIPG,midline,IV,No,,H3.3K27M,,,,,,,,,,,,,,,,,
SJHGG067_A,DIPG,midline,IV,No,,H3.3K27M,,,,,,,,,,,,,,,,,
SJHGG109_A,DIPG,midline,IV,No,,H3.3K27M,,,,,,,,,,,,,,,,,
SJHGG068_A,DIPG,midline,IV,Yes,,H3.3K27M,,,,,,,,,,,,,,,,Y163C,
SJHGG024_R,NBS-HGG,NBS-midline,IV,No,,,,,,,,N659K,Amp,,,,E451_Y452del,,,,,C135W (LOH),
SJHGG023_D,NBS-HGG,NBS-midline,IV,No,,,SV,,,,,SV,,,G598V (LOH),,,,,,,R175H (LOH),
SJHGG019_E,NBS-HGG,NBS-midline,III,No,,,,,,,,,,,Amp,,,,,Amp (CDK6),,V157F (LOH),
SJHGG019_S,NBS-HGG,NBS-midline,IV,No,,,,,,Amp,,,,,"SV,Amp",,,,,Amp (CDK6),,V157F (LOH),
SJHGG035_D,NBS-HGG,NBS-midline,III,No,,,,,,,,,,,,,,,,,Del,R175H,
SJHGG024_D,NBS-HGG,NBS-midline,IV,No,,,,,,,,,Amp,,,,,,,,,C135W,
SJHGG042_D,NBS-HGG,NBS-midline,IV,No,,,,,,,,Amp,,,,,,,,,Del,,
SJHGG089_A,NBS-HGG,NBS-midline,IV,No,,,,,,,,,,,,,,,"gR416*,F2176fs",,Del,,
SJHGG018_D,NBS-HGG,NBS-midline,III,No,,,,P152fs,R609*,,,,,,D770>ASVD,,,,,,,,
SJHGG094_D,NBS-HGG,NBS-midline,IV,No,,,,,,,,,,,,,,,,,,,
SJHGG029_R,NBS-HGG,NBS-midline,IV,No,,H3.1K27M,,,,,,,,,R108K,,,,,,,,P417fs
SJHGG036_D,NBS-HGG,NBS-midline,IV,No,,H3.1K27M,,,,,,,,,,,EYinsN453,,,,,,
SJHGG011_D,NBS-HGG,NBS-midline,IV,No,,H3.3K27M,,,,,,Amp,,,,,,,,,Del,R273H (LOH),
SJHGG044_D,NBS-HGG,NBS-midline,IV,No,,H3.3K27M,,,,,,,Amp,,,,,,,Amp (CCND1),,R249S (LOH),
SJHGG100_D,NBS-HGG,NBS-midline,III,No,,H3.3K27M,R188*,,,,,,,,,,,,,"Amp (CCND2, CDK4)",,R248Q (LOH),
SJHGG112_R,NBS-HGG,NBS-midline,IV,No,,H3.3K27M,,,,,,,,,,Q546K,,,,,,R175H,
SJHGG014_D,NBS-HGG,NBS-midline,IV,No,,H3.3K27M,,,,,,,,,,,,V600E,,,,,
SJHGG040_D,NBS-HGG,NBS-midline,III,No,,H3.3K27M,,,,,,,,,,,,,,,,,
SJHGG104_D,NBS-HGG,NBS-midline,III,No,,H3.3K27M,E533_S549fs,,,,,,,,,,,,,,,,
SJHGG112_D,NBS-HGG,NBS-midline,IV,No,,H3.3K27M,,,,,,,,,,Q546K,,,,,,,W427*
SJHGG084_D,NBS-HGG,NBS-midline,IV,Yes,,,,,,,,,,,,,,,,,,,
SJHGG086_D,NBS-HGG,NBS-midline,III,Yes,,,,,,,,,,,,,,,,,,,
SJHGG127_D,NBS-HGG,NBS-midline,III,Yes,,H3.3K27M,,,,,,,,SV (AGBL4_NTRK2),,,,,,,,,
SJHGG120_D,NBS-HGG,N/A,III,No,,,,P602fs (LOH),,,,,,,R222C,E726A,,,,,,,
SJHGG122_D,NBS-HGG,N/A,IV,No,,,,,,,,,,,,,,,,,,,
SJHGG123_D,NBS-HGG,N/A,III,No,,,R2111* (LOH),,,,,,,,,,,,,,,,
SJHGG027_D,NBS-HGG,hemispheric,IV,No,,,,,,,,,,SV (AGBL4_NTRK2),,,,,,,Del,,
SJHGG099_D,NBS-HGG,hemispheric,IV,No,,,,,,,,,,SV (TPM3_NTRK1),,,,,,,Del,,
SJHGG115_R,NBS-HGG,hemispheric,IV,No,,,,,,,Amp,,,,,,,,Del,,Del,gR248Q,
SJHGG028_D,NBS-HGG,hemispheric,IV,No,,,,,,,,,,,,,,,,,,gR196* (LOH),
SJHGG115_D,NBS-HGG,hemispheric,IV,No,,,,,,,,,,,,,,,R2237* (LOH),,,gR248Q (LOH),
SJHGG021_D,NBS-HGG,hemispheric,III,No,,,,,,,,,,,,,,,,,,"Q167*,R273H",
SJHGG017_D,NBS-HGG,hemispheric,III,No,,,K1449_E1450fs (LOH),,,,,,,,,,,,,,,G245S (LOH),
SJHGG032_D,NBS-HGG,hemispheric,III,No,,,A451fs (LOH),,,,,,,,,,,,,,,R248Q (LOH),
SJHGG034_D,NBS-HGG,hemispheric,IV,No,,,,,,,,,,,,R88Q,,,L952fs,,,R248W,
SJHGG093_A,NBS-HGG,hemispheric,IV,No,,,SV,,,,,,,,,,,,,Amp (CCND2/CCND3),,,
SJHGG010_D,NBS-HGG,hemispheric,IV,No,,,,,,,,"RVTFinsA491,Amp",,,,,,,,,Del,,
SJHGG037_D,NBS-HGG,hemispheric,IV,No,,,,,,,,Amp,Amp,,,,,,,,Del,,
SJHGG125_D,NBS-HGG,hemispheric,IV,No,,,,R1164* (LOH),,,,Amp,,,,,,,,,Del,,
SJHGG129_D,NBS-HGG,hemispheric,IV,No,,,,,"Y1692*,E1255_E1256>E",,,Amp,,,,,,,,,,,
SJHGG015_D,NBS-HGG,hemispheric,III,No,,,,R1164*,,,,N468S,,,,,,,,,Del,,
SJHGG033_D,NBS-HGG,hemispheric,IV,No,,,,,,,,,,,,,,V600E,,,Del,,
SJHGG033_R,NBS-HGG,hemispheric,IV,No,,,,,,,,,,,,,,V600E,,,Del,,
SJHGG093_D,NBS-HGG,hemispheric,IV,No,,,,,,,,,,,,,,V600E,,,Del,,
SJHGG012_D,NBS-HGG,hemispheric,IV,No,,,,,,,,,,,,,,,S1053*,,,,
SJHGG025_D,NBS-HGG,hemispheric,III,No,,,,,,,,,,,,,,,,,,,
SJHGG031_D,NBS-HGG,hemispheric,IV,No,,H3.3G34R,E327_E328fs,K1260_S1261fs,,,,,,,,,,,,,Del,E198_G199fs,
SJHGG022_D,NBS-HGG,hemispheric,IV,No,,H3.3G34R,SV,,,,,Amp,,,,,,,,,,R342*,
SJHGG041_D,NBS-HGG,hemispheric,IV,No,,H3.3G34R,L359_I360fs (LOH),,,,,Amp;I843_M844>M,,,,,,,,,,H179D (LOH),
SJHGG103_D,NBS-HGG,hemispheric,IV,No,,H3.3G34R,,,,,,D583_E587>E,,,,,,,,,,R273C (LOH),
SJHGG043_D,NBS-HGG,hemispheric,IV,No,,H3.3G34R,L2112_F2113fs (LOH),,,,,,,,,,,,,,,,
SJHGG016_D,NBS-HGG,hemispheric,IV,Yes,,,,,,,,,,SV (TPM3_NTRK1),,,,,,,,,
SJHGG081_D,NBS-HGG,hemispheric,IV,Yes,,,,,,,,,,SV (TPM3_NTRK1),,,,,,,,,
SJHGG082_D,NBS-HGG,hemispheric,IV,Yes,,,,,,,,,,SV (ETV6_NTRK3),,,,,,,,,
SJHGG026_D,NBS-HGG,hemispheric,IV,Yes,,,,,,,,,,,,,,,,,,,
SJHGG085_D,NBS-HGG,hemispheric,III,Yes,,,,,,,,,,,,,,,,,,,
SJHGG090_D,NBS-HGG,hemispheric,III,Yes,,,,,,,,,,,,,,,,,,,
SJHGG107_D,NBS-HGG,hemispheric,III,Yes,,,,,,,,,,,,,,,,,,,
